block,vial,treatment,time,diet,censor,hours_til_death
A,1,pbs,15:04,0%,1,24
A,1,pbs,15:04,0%,0,120
A,1,pbs,15:04,0%,0,120
A,1,pbs,15:04,0%,0,120
A,1,pbs,15:04,0%,0,120
A,1,pbs,15:04,0%,0,120
A,1,pbs,15:04,0%,0,120
A,1,pbs,15:04,0%,0,120
A,1,pbs,15:04,0%,0,120
A,1,pbs,15:04,0%,0,120
A,1,pbs,15:04,0%,0,120
A,1,pbs,15:04,0%,0,120
A,2,2698B,15:27,0%,1,24
A,2,2698B,15:27,0%,1,48
A,2,2698B,15:27,0%,1,72
A,2,2698B,15:27,0%,1,72
A,2,2698B,15:27,0%,1,96
A,2,2698B,15:27,0%,0,120
A,2,2698B,15:27,0%,0,120
A,2,2698B,15:27,0%,0,120
A,2,2698B,15:27,0%,0,120
A,2,2698B,15:27,0%,0,120
A,3,2698B,15:30,0%,1,24
A,3,2698B,15:30,0%,1,48
A,3,2698B,15:30,0%,0,120
A,3,2698B,15:30,0%,0,120
A,3,2698B,15:30,0%,0,120
A,3,2698B,15:30,0%,0,120
A,3,2698B,15:30,0%,0,120
A,3,2698B,15:30,0%,0,120
A,3,2698B,15:30,0%,0,120
A,3,2698B,15:30,0%,0,120
A,4,2698B,16:30,0%,1,24
A,4,2698B,16:30,0%,1,48
A,4,2698B,16:30,0%,1,48
A,4,2698B,16:30,0%,1,48
A,4,2698B,16:30,0%,1,48
A,4,2698B,16:30,0%,1,72
A,4,2698B,16:30,0%,0,120
A,4,2698B,16:30,0%,0,120
A,4,2698B,16:30,0%,0,120
A,4,2698B,16:30,0%,0,120
A,4,2698B,16:30,0%,0,120
A,4,2698B,16:30,0%,0,120
A,5,pbs,14:44,2%,0,120
A,5,pbs,14:44,2%,0,120
A,5,pbs,14:44,2%,0,120
A,5,pbs,14:44,2%,0,120
A,5,pbs,14:44,2%,0,120
A,5,pbs,14:44,2%,0,120
A,5,pbs,14:44,2%,0,120
A,5,pbs,14:44,2%,0,120
A,5,pbs,14:44,2%,0,120
A,5,pbs,14:44,2%,0,120
A,5,pbs,14:44,2%,0,120
A,5,pbs,14:44,2%,0,120
A,6,2698B,15:55,2%,1,24
A,6,2698B,15:55,2%,1,24
A,6,2698B,15:55,2%,1,24
A,6,2698B,15:55,2%,1,24
A,6,2698B,15:55,2%,1,48
A,6,2698B,15:55,2%,0,120
A,6,2698B,15:55,2%,0,120
A,6,2698B,15:55,2%,0,120
A,6,2698B,15:55,2%,0,120
A,6,2698B,15:55,2%,0,120
A,7,2698B,15:59,2%,1,48
A,7,2698B,15:59,2%,1,96
A,7,2698B,15:59,2%,0,120
A,7,2698B,15:59,2%,0,120
A,7,2698B,15:59,2%,0,120
A,7,2698B,15:59,2%,0,120
A,7,2698B,15:59,2%,0,120
A,7,2698B,15:59,2%,0,120
A,7,2698B,15:59,2%,0,120
A,7,2698B,15:59,2%,0,120
A,8,2698B,16:35,2%,1,24
A,8,2698B,16:35,2%,1,24
A,8,2698B,16:35,2%,1,24
A,8,2698B,16:35,2%,1,24
A,8,2698B,16:35,2%,1,24
A,8,2698B,16:35,2%,1,24
A,8,2698B,16:35,2%,1,96
A,8,2698B,16:35,2%,0,120
A,8,2698B,16:35,2%,0,120
A,8,2698B,16:35,2%,0,120
A,8,2698B,16:35,2%,0,120
A,8,2698B,16:35,2%,0,120
A,9,pbs,14:55,4%,0,120
A,9,pbs,14:55,4%,0,120
A,9,pbs,14:55,4%,0,120
A,9,pbs,14:55,4%,0,120
A,9,pbs,14:55,4%,0,120
A,9,pbs,14:55,4%,0,120
A,9,pbs,14:55,4%,0,120
A,9,pbs,14:55,4%,0,120
A,9,pbs,14:55,4%,0,120
A,9,pbs,14:55,4%,0,120
A,9,pbs,14:55,4%,0,120
A,9,pbs,14:55,4%,0,120
A,10,2698B,15:37,4%,1,24
A,10,2698B,15:37,4%,1,24
A,10,2698B,15:37,4%,1,24
A,10,2698B,15:37,4%,1,24
A,10,2698B,15:37,4%,1,48
A,10,2698B,15:37,4%,1,48
A,10,2698B,15:37,4%,0,120
A,10,2698B,15:37,4%,0,120
A,10,2698B,15:37,4%,0,120
A,10,2698B,15:37,4%,0,120
A,11,2698B,15:20,4%,1,24
A,11,2698B,15:20,4%,1,24
A,11,2698B,15:20,4%,1,24
A,11,2698B,15:20,4%,1,24
A,11,2698B,15:20,4%,1,24
A,11,2698B,15:20,4%,0,120
A,11,2698B,15:20,4%,0,120
A,11,2698B,15:20,4%,0,120
A,11,2698B,15:20,4%,0,120
A,11,2698B,15:20,4%,0,120
A,12,2698B,16:20,4%,1,48
A,12,2698B,16:20,4%,1,48
A,12,2698B,16:20,4%,1,48
A,12,2698B,16:20,4%,0,120
A,12,2698B,16:20,4%,0,120
A,12,2698B,16:20,4%,0,120
A,12,2698B,16:20,4%,0,120
A,12,2698B,16:20,4%,0,120
A,12,2698B,16:20,4%,0,120
A,12,2698B,16:20,4%,0,120
A,13,pbs,15:09,8%,0,120
A,13,pbs,15:09,8%,0,120
A,13,pbs,15:09,8%,0,120
A,13,pbs,15:09,8%,0,120
A,13,pbs,15:09,8%,0,120
A,13,pbs,15:09,8%,0,120
A,13,pbs,15:09,8%,0,120
A,13,pbs,15:09,8%,0,120
A,13,pbs,15:09,8%,0,120
A,13,pbs,15:09,8%,0,120
A,13,pbs,15:09,8%,0,120
A,13,pbs,15:09,8%,0,120
A,14,2698B,16:05,8%,1,24
A,14,2698B,16:05,8%,1,72
A,14,2698B,16:05,8%,0,120
A,14,2698B,16:05,8%,0,120
A,14,2698B,16:05,8%,0,120
A,14,2698B,16:05,8%,0,120
A,14,2698B,16:05,8%,0,120
A,14,2698B,16:05,8%,0,120
A,14,2698B,16:05,8%,0,120
A,14,2698B,16:05,8%,0,120
A,15,2698B,16:24,8%,1,24
A,15,2698B,16:24,8%,1,24
A,15,2698B,16:24,8%,1,24
A,15,2698B,16:24,8%,1,24
A,15,2698B,16:24,8%,1,48
A,15,2698B,16:24,8%,1,48
A,15,2698B,16:24,8%,1,48
A,15,2698B,16:24,8%,1,48
A,15,2698B,16:24,8%,0,120
A,15,2698B,16:24,8%,0,120
A,15,2698B,16:24,8%,0,120
A,15,2698B,16:24,8%,0,120
A,16,2698B,16:03,8%,0,120
A,16,2698B,16:03,8%,0,120
A,16,2698B,16:03,8%,0,120
A,16,2698B,16:03,8%,0,120
A,16,2698B,16:03,8%,0,120
A,16,2698B,16:03,8%,0,120
A,16,2698B,16:03,8%,0,120
A,16,2698B,16:03,8%,0,120
A,16,2698B,16:03,8%,0,120
A,16,2698B,16:03,8%,0,120
A,17,pbs,14:49,16%,1,24
A,17,pbs,14:49,16%,0,120
A,17,pbs,14:49,16%,0,120
A,17,pbs,14:49,16%,0,120
A,17,pbs,14:49,16%,0,120
A,17,pbs,14:49,16%,0,120
A,17,pbs,14:49,16%,0,120
A,17,pbs,14:49,16%,0,120
A,17,pbs,14:49,16%,0,120
A,17,pbs,14:49,16%,0,120
A,17,pbs,14:49,16%,0,120
A,17,pbs,14:49,16%,0,120
A,18,2698B,15:47,16%,1,24
A,18,2698B,15:47,16%,1,24
A,18,2698B,15:47,16%,1,24
A,18,2698B,15:47,16%,1,48
A,18,2698B,15:47,16%,0,120
A,18,2698B,15:47,16%,0,120
A,18,2698B,15:47,16%,0,120
A,18,2698B,15:47,16%,0,120
A,18,2698B,15:47,16%,0,120
A,18,2698B,15:47,16%,0,120
A,19,2698B,14:10,16%,1,24
A,19,2698B,14:10,16%,1,24
A,19,2698B,14:10,16%,1,24
A,19,2698B,14:10,16%,1,72
A,19,2698B,14:10,16%,1,72
A,19,2698B,14:10,16%,1,72
A,19,2698B,14:10,16%,0,120
A,19,2698B,14:10,16%,0,120
A,19,2698B,14:10,16%,0,120
A,19,2698B,14:10,16%,0,120
A,20,2698B,16:39,16%,1,24
A,20,2698B,16:39,16%,1,24
A,20,2698B,16:39,16%,1,48
A,20,2698B,16:39,16%,1,48
A,20,2698B,16:39,16%,1,48
A,20,2698B,16:39,16%,1,72
A,20,2698B,16:39,16%,0,120
A,20,2698B,16:39,16%,0,120
A,20,2698B,16:39,16%,0,120
A,20,2698B,16:39,16%,0,120
A,20,2698B,16:39,16%,0,120
A,20,2698B,16:39,16%,0,120
A,21,pbs,15:00,24%,1,24
A,21,pbs,15:00,24%,1,24
A,21,pbs,15:00,24%,1,24
A,21,pbs,15:00,24%,1,48
A,21,pbs,15:00,24%,0,120
A,21,pbs,15:00,24%,0,120
A,21,pbs,15:00,24%,0,120
A,21,pbs,15:00,24%,0,120
A,21,pbs,15:00,24%,0,120
A,21,pbs,15:00,24%,0,120
A,21,pbs,15:00,24%,0,120
A,21,pbs,15:00,24%,0,120
A,22,2698B,15:40,24%,1,24
A,22,2698B,15:40,24%,1,24
A,22,2698B,15:40,24%,1,24
A,22,2698B,15:40,24%,1,24
A,22,2698B,15:40,24%,1,48
A,22,2698B,15:40,24%,1,72
A,22,2698B,15:40,24%,0,120
A,22,2698B,15:40,24%,0,120
A,22,2698B,15:40,24%,0,120
A,22,2698B,15:40,24%,0,120
A,23,2698B,15:37,24%,1,24
A,23,2698B,15:37,24%,1,48
A,23,2698B,15:37,24%,1,48
A,23,2698B,15:37,24%,0,120
A,23,2698B,15:37,24%,0,120
A,23,2698B,15:37,24%,0,120
A,23,2698B,15:37,24%,0,120
A,23,2698B,15:37,24%,0,120
A,23,2698B,15:37,24%,0,120
A,23,2698B,15:37,24%,0,120
A,24,2698B,16:16,24%,1,24
A,24,2698B,16:16,24%,1,24
A,24,2698B,16:16,24%,1,24
A,24,2698B,16:16,24%,1,24
A,24,2698B,16:16,24%,1,24
A,24,2698B,16:16,24%,1,24
A,24,2698B,16:16,24%,1,24
A,24,2698B,16:16,24%,1,48
A,24,2698B,16:16,24%,1,48
A,24,2698B,16:16,24%,0,120
A,24,2698B,16:16,24%,0,120
A,24,2698B,16:16,24%,0,120
B,25,pbs,15:42,0%,0,120
B,25,pbs,15:42,0%,0,120
B,25,pbs,15:42,0%,0,120
B,25,pbs,15:42,0%,0,120
B,25,pbs,15:42,0%,0,120
B,25,pbs,15:42,0%,0,120
B,25,pbs,15:42,0%,0,120
B,25,pbs,15:42,0%,0,120
B,25,pbs,15:42,0%,0,120
B,25,pbs,15:42,0%,0,120
B,25,pbs,15:42,0%,0,120
B,25,pbs,15:42,0%,0,120
B,26,2698B,16:32,0%,1,48
B,26,2698B,16:32,0%,1,48
B,26,2698B,16:32,0%,0,120
B,26,2698B,16:32,0%,0,120
B,26,2698B,16:32,0%,0,120
B,26,2698B,16:32,0%,0,120
B,26,2698B,16:32,0%,0,120
B,26,2698B,16:32,0%,0,120
B,26,2698B,16:32,0%,0,120
B,27,2698B,18:00,0%,1,24
B,27,2698B,18:00,0%,1,48
B,27,2698B,18:00,0%,0,120
B,27,2698B,18:00,0%,0,120
B,27,2698B,18:00,0%,0,120
B,27,2698B,18:00,0%,0,120
B,27,2698B,18:00,0%,0,120
B,27,2698B,18:00,0%,0,120
B,27,2698B,18:00,0%,0,120
B,27,2698B,18:00,0%,0,120
B,28,2698B,17:59,0%,1,24
B,28,2698B,17:59,0%,1,24
B,28,2698B,17:59,0%,1,48
B,28,2698B,17:59,0%,1,48
B,28,2698B,17:59,0%,0,120
B,28,2698B,17:59,0%,0,120
B,28,2698B,17:59,0%,0,120
B,28,2698B,17:59,0%,0,120
B,28,2698B,17:59,0%,0,120
B,28,2698B,17:59,0%,0,120
B,29,2698B,18:01,0%,1,24
B,29,2698B,18:01,0%,1,48
B,29,2698B,18:01,0%,1,96
B,29,2698B,18:01,0%,0,120
B,29,2698B,18:01,0%,0,120
B,29,2698B,18:01,0%,0,120
B,29,2698B,18:01,0%,0,120
B,29,2698B,18:01,0%,0,120
B,29,2698B,18:01,0%,0,120
B,29,2698B,18:01,0%,0,120
B,30,2698B,14:32,0%,1,24
B,30,2698B,14:32,0%,1,48
B,30,2698B,14:32,0%,0,120
B,30,2698B,14:32,0%,0,120
B,30,2698B,14:32,0%,0,120
B,30,2698B,14:32,0%,0,120
B,30,2698B,14:32,0%,0,120
B,30,2698B,14:32,0%,0,120
B,31,pbs,15:56,2%,0,120
B,31,pbs,15:56,2%,0,120
B,31,pbs,15:56,2%,0,120
B,31,pbs,15:56,2%,0,120
B,31,pbs,15:56,2%,0,120
B,31,pbs,15:56,2%,0,120
B,31,pbs,15:56,2%,0,120
B,31,pbs,15:56,2%,0,120
B,31,pbs,15:56,2%,0,120
B,31,pbs,15:56,2%,0,120
B,31,pbs,15:56,2%,0,120
B,31,pbs,15:56,2%,0,120
B,32,2698B,17:37,2%,1,48
B,32,2698B,17:37,2%,1,72
B,32,2698B,17:37,2%,1,72
B,32,2698B,17:37,2%,0,120
B,32,2698B,17:37,2%,0,120
B,32,2698B,17:37,2%,0,120
B,32,2698B,17:37,2%,0,120
B,32,2698B,17:37,2%,0,120
B,32,2698B,17:37,2%,0,120
B,32,2698B,17:37,2%,0,120
B,33,2698B,17:38,2%,1,24
B,33,2698B,17:38,2%,1,48
B,33,2698B,17:38,2%,0,120
B,33,2698B,17:38,2%,0,120
B,33,2698B,17:38,2%,0,120
B,33,2698B,17:38,2%,0,120
B,33,2698B,17:38,2%,0,120
B,33,2698B,17:38,2%,0,120
B,33,2698B,17:38,2%,0,120
B,33,2698B,17:38,2%,0,120
B,34,2698B,17:40,2%,1,24
B,34,2698B,17:40,2%,1,24
B,34,2698B,17:40,2%,0,120
B,34,2698B,17:40,2%,0,120
B,34,2698B,17:40,2%,0,120
B,34,2698B,17:40,2%,0,120
B,34,2698B,17:40,2%,0,120
B,34,2698B,17:40,2%,0,120
B,34,2698B,17:40,2%,0,120
B,34,2698B,17:40,2%,0,120
B,35,,16:51,2%,1,24
B,35,,16:51,2%,1,48
B,35,,16:51,2%,1,48
B,35,,16:51,2%,1,48
B,35,,16:51,2%,1,96
B,35,,16:51,2%,0,120
B,35,,16:51,2%,0,120
B,35,,16:51,2%,0,120
B,35,,16:51,2%,0,120
B,35,,16:51,2%,0,120
B,36,,16:50,2%,1,24
B,36,,16:50,2%,0,120
B,36,,16:50,2%,0,120
B,36,,16:50,2%,0,120
B,36,,16:50,2%,0,120
B,36,,16:50,2%,0,120
B,36,,16:50,2%,0,120
B,36,,16:50,2%,0,120
B,36,,16:50,2%,0,120
B,36,,16:50,2%,0,120
B,37,pbs,16:33,4%,0,120
B,37,pbs,16:33,4%,0,120
B,37,pbs,16:33,4%,0,120
B,37,pbs,16:33,4%,0,120
B,37,pbs,16:33,4%,0,120
B,37,pbs,16:33,4%,0,120
B,37,pbs,16:33,4%,0,120
B,37,pbs,16:33,4%,0,120
B,37,pbs,16:33,4%,0,120
B,37,pbs,16:33,4%,0,120
B,37,pbs,16:33,4%,0,120
B,37,pbs,16:33,4%,0,120
B,38,2698B,17:24,4%,1,24
B,38,2698B,17:24,4%,1,24
B,38,2698B,17:24,4%,1,72
B,38,2698B,17:24,4%,0,120
B,38,2698B,17:24,4%,0,120
B,38,2698B,17:24,4%,0,120
B,38,2698B,17:24,4%,0,120
B,38,2698B,17:24,4%,0,120
B,38,2698B,17:24,4%,0,120
B,38,2698B,17:24,4%,0,120
B,39,2698B,16:15,4%,1,48
B,39,2698B,16:15,4%,0,120
B,39,2698B,16:15,4%,0,120
B,39,2698B,16:15,4%,0,120
B,39,2698B,16:15,4%,0,120
B,39,2698B,16:15,4%,0,120
B,39,2698B,16:15,4%,0,120
B,39,2698B,16:15,4%,0,120
B,40,2698B,17:31,4%,1,48
B,40,2698B,17:31,4%,1,48
B,40,2698B,17:31,4%,1,96
B,40,2698B,17:31,4%,0,120
B,40,2698B,17:31,4%,0,120
B,40,2698B,17:31,4%,0,120
B,40,2698B,17:31,4%,0,120
B,40,2698B,17:31,4%,0,120
B,40,2698B,17:31,4%,0,120
B,40,2698B,17:31,4%,0,120
B,41,2698B,17:27,4%,1,24
B,41,2698B,17:27,4%,1,48
B,41,2698B,17:27,4%,1,72
B,41,2698B,17:27,4%,1,72
B,41,2698B,17:27,4%,1,96
B,41,2698B,17:27,4%,1,96
B,41,2698B,17:27,4%,0,120
B,41,2698B,17:27,4%,0,120
B,41,2698B,17:27,4%,0,120
B,41,2698B,17:27,4%,0,120
B,42,2698B,16:12,4%,1,24
B,42,2698B,16:12,4%,1,24
B,42,2698B,16:12,4%,1,48
B,42,2698B,16:12,4%,1,48
B,42,2698B,16:12,4%,1,48
B,42,2698B,16:12,4%,1,48
B,42,2698B,16:12,4%,0,120
B,42,2698B,16:12,4%,0,120
B,42,2698B,16:12,4%,0,120
B,42,2698B,16:12,4%,0,120
B,42,2698B,16:12,4%,0,120
B,43,pbs,15:49,8%,0,120
B,43,pbs,15:49,8%,0,120
B,43,pbs,15:49,8%,0,120
B,43,pbs,15:49,8%,0,120
B,43,pbs,15:49,8%,0,120
B,43,pbs,15:49,8%,0,120
B,43,pbs,15:49,8%,0,120
B,43,pbs,15:49,8%,0,120
B,43,pbs,15:49,8%,0,120
B,44,2698B,17:08,8%,1,24
B,44,2698B,17:08,8%,1,48
B,44,2698B,17:08,8%,1,48
B,44,2698B,17:08,8%,0,120
B,44,2698B,17:08,8%,0,120
B,44,2698B,17:08,8%,0,120
B,44,2698B,17:08,8%,0,120
B,44,2698B,17:08,8%,0,120
B,44,2698B,17:08,8%,0,120
B,44,2698B,17:08,8%,0,120
B,45,2698B,16:56,8%,1,72
B,45,2698B,16:56,8%,1,72
B,45,2698B,16:56,8%,1,72
B,45,2698B,16:56,8%,1,72
B,45,2698B,16:56,8%,0,120
B,45,2698B,16:56,8%,0,120
B,45,2698B,16:56,8%,0,120
B,45,2698B,16:56,8%,0,120
B,45,2698B,16:56,8%,0,120
B,45,2698B,16:56,8%,0,120
B,46,2698B,17:03,8%,1,24
B,46,2698B,17:03,8%,1,24
B,46,2698B,17:03,8%,1,24
B,46,2698B,17:03,8%,1,24
B,46,2698B,17:03,8%,1,72
B,46,2698B,17:03,8%,0,120
B,46,2698B,17:03,8%,0,120
B,46,2698B,17:03,8%,0,120
B,46,2698B,17:03,8%,0,120
B,46,2698B,17:03,8%,0,120
B,47,2698B,16:58,8%,0,120
B,47,2698B,16:58,8%,0,120
B,47,2698B,16:58,8%,0,120
B,47,2698B,16:58,8%,0,120
B,47,2698B,16:58,8%,0,120
B,47,2698B,16:58,8%,0,120
B,47,2698B,16:58,8%,0,120
B,47,2698B,16:58,8%,0,120
B,47,2698B,16:58,8%,0,120
B,47,2698B,16:58,8%,0,120
B,48,2698B,17:05,8%,1,24
B,48,2698B,17:05,8%,1,24
B,48,2698B,17:05,8%,1,48
B,48,2698B,17:05,8%,1,48
B,48,2698B,17:05,8%,1,96
B,48,2698B,17:05,8%,1,96
B,48,2698B,17:05,8%,0,120
B,48,2698B,17:05,8%,0,120
B,48,2698B,17:05,8%,0,120
B,48,2698B,17:05,8%,0,120
B,49,pbs,16:02,16%,0,120
B,49,pbs,16:02,16%,0,120
B,49,pbs,16:02,16%,0,120
B,49,pbs,16:02,16%,0,120
B,49,pbs,16:02,16%,0,120
B,49,pbs,16:02,16%,0,120
B,49,pbs,16:02,16%,0,120
B,49,pbs,16:02,16%,0,120
B,49,pbs,16:02,16%,0,120
B,49,pbs,16:02,16%,0,120
B,49,pbs,16:02,16%,0,120
B,49,pbs,16:02,16%,0,120
B,50,2698B,16:42,16%,1,24
B,50,2698B,16:42,16%,1,24
B,50,2698B,16:42,16%,1,24
B,50,2698B,16:42,16%,1,24
B,50,2698B,16:42,16%,1,48
B,50,2698B,16:42,16%,1,72
B,50,2698B,16:42,16%,0,120
B,50,2698B,16:42,16%,0,120
B,51,2698B,16:41,16%,1,24
B,51,2698B,16:41,16%,1,24
B,51,2698B,16:41,16%,1,24
B,51,2698B,16:41,16%,1,24
B,51,2698B,16:41,16%,1,24
B,51,2698B,16:41,16%,1,24
B,51,2698B,16:41,16%,1,24
B,51,2698B,16:41,16%,1,24
B,51,2698B,16:41,16%,1,72
B,51,2698B,16:41,16%,0,120
B,52,2698B,17:49,16%,1,24
B,52,2698B,17:49,16%,1,24
B,52,2698B,17:49,16%,1,24
B,52,2698B,17:49,16%,1,24
B,52,2698B,17:49,16%,1,24
B,52,2698B,17:49,16%,1,24
B,52,2698B,17:49,16%,1,24
B,52,2698B,17:49,16%,1,24
B,52,2698B,17:49,16%,1,24
B,52,2698B,17:49,16%,1,24
B,53,2698B,17:54,16%,1,24
B,53,2698B,17:54,16%,1,24
B,53,2698B,17:54,16%,1,24
B,53,2698B,17:54,16%,1,24
B,53,2698B,17:54,16%,1,24
B,53,2698B,17:54,16%,1,24
B,53,2698B,17:54,16%,1,72
B,53,2698B,17:54,16%,1,72
B,53,2698B,17:54,16%,0,120
B,53,2698B,17:54,16%,0,120
B,54,2698B,17:51,16%,1,24
B,54,2698B,17:51,16%,1,24
B,54,2698B,17:51,16%,1,24
B,54,2698B,17:51,16%,1,24
B,54,2698B,17:51,16%,1,24
B,54,2698B,17:51,16%,1,24
B,54,2698B,17:51,16%,1,24
B,54,2698B,17:51,16%,1,24
B,54,2698B,17:51,16%,1,24
B,54,2698B,17:51,16%,1,24
B,55,pbs,15:27,24%,1,24
B,55,pbs,15:27,24%,1,24
B,55,pbs,15:27,24%,1,24
B,55,pbs,15:27,24%,0,120
B,55,pbs,15:27,24%,0,120
B,55,pbs,15:27,24%,0,120
B,55,pbs,15:27,24%,0,120
B,55,pbs,15:27,24%,0,120
B,55,pbs,15:27,24%,0,120
B,55,pbs,15:27,24%,0,120
B,55,pbs,15:27,24%,0,120
B,55,pbs,15:27,24%,0,120
B,56,2698B,16:23,24%,1,24
B,56,2698B,16:23,24%,1,72
B,57,2698B,16:22,24%,1,24
B,57,2698B,16:22,24%,1,24
B,57,2698B,16:22,24%,0,120
B,58,2698B,17:14,24%,1,24
B,58,2698B,17:14,24%,1,24
B,58,2698B,17:14,24%,1,24
B,58,2698B,17:14,24%,1,24
B,58,2698B,17:14,24%,1,24
B,58,2698B,17:14,24%,1,24
B,58,2698B,17:14,24%,1,48
B,58,2698B,17:14,24%,1,48
B,58,2698B,17:14,24%,1,48
B,58,2698B,17:14,24%,1,48
B,59,2698B,17:17,24%,1,24
B,59,2698B,17:17,24%,1,24
B,59,2698B,17:17,24%,1,24
B,59,2698B,17:17,24%,1,24
B,59,2698B,17:17,24%,1,24
B,59,2698B,17:17,24%,1,24
B,59,2698B,17:17,24%,1,48
B,59,2698B,17:17,24%,1,48
B,59,2698B,17:17,24%,1,48
B,59,2698B,17:17,24%,1,96
B,60,2698B,17:19,24%,1,24
B,60,2698B,17:19,24%,1,24
B,60,2698B,17:19,24%,1,24
B,60,2698B,17:19,24%,1,24
B,60,2698B,17:19,24%,1,24
B,60,2698B,17:19,24%,1,48
B,60,2698B,17:19,24%,1,48
B,60,2698B,17:19,24%,1,48
B,60,2698B,17:19,24%,1,96
B,60,2698B,17:19,24%,0,120
C,61,pbs,16:15,0%,0,120
C,61,pbs,16:15,0%,0,120
C,61,pbs,16:15,0%,0,120
C,61,pbs,16:15,0%,0,120
C,61,pbs,16:15,0%,0,120
C,61,pbs,16:15,0%,0,120
C,61,pbs,16:15,0%,0,120
C,61,pbs,16:15,0%,0,120
C,61,pbs,16:15,0%,0,120
C,61,pbs,16:15,0%,0,120
C,61,pbs,16:15,0%,0,120
C,61,pbs,16:15,0%,0,120
C,62,2698B,18:05,0%,1,24
C,62,2698B,18:05,0%,1,48
C,62,2698B,18:05,0%,1,96
C,62,2698B,18:05,0%,0,120
C,62,2698B,18:05,0%,0,120
C,62,2698B,18:05,0%,0,120
C,62,2698B,18:05,0%,0,120
C,62,2698B,18:05,0%,0,120
C,62,2698B,18:05,0%,0,120
C,62,2698B,18:05,0%,0,120
C,63,2698B,18:00,0%,1,96
C,63,2698B,18:00,0%,0,120
C,63,2698B,18:00,0%,0,120
C,63,2698B,18:00,0%,0,120
C,63,2698B,18:00,0%,0,120
C,63,2698B,18:00,0%,0,120
C,63,2698B,18:00,0%,0,120
C,63,2698B,18:00,0%,0,120
C,63,2698B,18:00,0%,0,120
C,63,2698B,18:00,0%,0,120
C,64,2698B,18:04,0%,1,48
C,64,2698B,18:04,0%,0,120
C,64,2698B,18:04,0%,0,120
C,64,2698B,18:04,0%,0,120
C,64,2698B,18:04,0%,0,120
C,64,2698B,18:04,0%,0,120
C,64,2698B,18:04,0%,0,120
C,64,2698B,18:04,0%,0,120
C,64,2698B,18:04,0%,0,120
C,64,2698B,18:04,0%,0,120
C,65,pbs,16:45,2%,0,120
C,65,pbs,16:45,2%,0,120
C,65,pbs,16:45,2%,0,120
C,65,pbs,16:45,2%,0,120
C,65,pbs,16:45,2%,0,120
C,65,pbs,16:45,2%,0,120
C,65,pbs,16:45,2%,0,120
C,65,pbs,16:45,2%,0,120
C,65,pbs,16:45,2%,0,120
C,65,pbs,16:45,2%,0,120
C,65,pbs,16:45,2%,0,120
C,65,pbs,16:45,2%,0,120
C,66,2698B,17:00,2%,1,24
C,66,2698B,17:00,2%,1,48
C,66,2698B,17:00,2%,0,120
C,66,2698B,17:00,2%,0,120
C,66,2698B,17:00,2%,0,120
C,66,2698B,17:00,2%,0,120
C,66,2698B,17:00,2%,0,120
C,66,2698B,17:00,2%,0,120
C,66,2698B,17:00,2%,0,120
C,66,2698B,17:00,2%,0,120
C,67,2698B,17:07,2%,1,24
C,67,2698B,17:07,2%,0,120
C,67,2698B,17:07,2%,0,120
C,67,2698B,17:07,2%,0,120
C,67,2698B,17:07,2%,0,120
C,67,2698B,17:07,2%,0,120
C,67,2698B,17:07,2%,0,120
C,67,2698B,17:07,2%,0,120
C,67,2698B,17:07,2%,0,120
C,68,2698B,17:03,2%,1,48
C,68,2698B,17:03,2%,1,48
C,68,2698B,17:03,2%,1,48
C,68,2698B,17:03,2%,1,72
C,68,2698B,17:03,2%,1,96
C,68,2698B,17:03,2%,0,120
C,68,2698B,17:03,2%,0,120
C,68,2698B,17:03,2%,0,120
C,68,2698B,17:03,2%,0,120
C,68,2698B,17:03,2%,0,120
C,69,pbs,16:31,4%,1,48
C,69,pbs,16:31,4%,0,120
C,69,pbs,16:31,4%,0,120
C,69,pbs,16:31,4%,0,120
C,69,pbs,16:31,4%,0,120
C,69,pbs,16:31,4%,0,120
C,69,pbs,16:31,4%,0,120
C,69,pbs,16:31,4%,0,120
C,69,pbs,16:31,4%,0,120
C,69,pbs,16:31,4%,0,120
C,69,pbs,16:31,4%,0,120
C,69,pbs,16:31,4%,0,120
C,70,2698B,17:27,4%,1,24
C,70,2698B,17:27,4%,1,24
C,70,2698B,17:27,4%,0,120
C,70,2698B,17:27,4%,0,120
C,70,2698B,17:27,4%,0,120
C,70,2698B,17:27,4%,0,120
C,70,2698B,17:27,4%,0,120
C,70,2698B,17:27,4%,0,120
C,70,2698B,17:27,4%,0,120
C,70,2698B,17:27,4%,0,120
C,71,2698B,17:37,4%,1,24
C,71,2698B,17:37,4%,1,24
C,71,2698B,17:37,4%,1,24
C,71,2698B,17:37,4%,1,24
C,71,2698B,17:37,4%,1,24
C,71,2698B,17:37,4%,1,96
C,71,2698B,17:37,4%,0,120
C,71,2698B,17:37,4%,0,120
C,71,2698B,17:37,4%,0,120
C,71,2698B,17:37,4%,0,120
C,72,2698B,17:38,4%,1,24
C,72,2698B,17:38,4%,1,24
C,72,2698B,17:38,4%,0,120
C,72,2698B,17:38,4%,0,120
C,72,2698B,17:38,4%,0,120
C,72,2698B,17:38,4%,0,120
C,72,2698B,17:38,4%,0,120
C,72,2698B,17:38,4%,0,120
C,72,2698B,17:38,4%,0,120
C,72,2698B,17:38,4%,0,120
C,73,pbs,16:08,8%,1,24
C,73,pbs,16:08,8%,0,120
C,73,pbs,16:08,8%,0,120
C,73,pbs,16:08,8%,0,120
C,73,pbs,16:08,8%,0,120
C,73,pbs,16:08,8%,0,120
C,73,pbs,16:08,8%,0,120
C,73,pbs,16:08,8%,0,120
C,73,pbs,16:08,8%,0,120
C,73,pbs,16:08,8%,0,120
C,73,pbs,16:08,8%,0,120
C,74,2698B,17:15,8%,1,48
C,74,2698B,17:15,8%,1,48
C,74,2698B,17:15,8%,1,72
C,74,2698B,17:15,8%,1,72
C,74,2698B,17:15,8%,0,120
C,74,2698B,17:15,8%,0,120
C,74,2698B,17:15,8%,0,120
C,74,2698B,17:15,8%,0,120
C,74,2698B,17:15,8%,0,120
C,74,2698B,17:15,8%,0,120
C,75,2698B,17:20,8%,1,48
C,75,2698B,17:20,8%,0,120
C,75,2698B,17:20,8%,0,120
C,75,2698B,17:20,8%,0,120
C,75,2698B,17:20,8%,0,120
C,75,2698B,17:20,8%,0,120
C,75,2698B,17:20,8%,0,120
C,75,2698B,17:20,8%,0,120
C,75,2698B,17:20,8%,0,120
C,75,2698B,17:20,8%,0,120
C,76,2698B,17:18,8%,1,24
C,76,2698B,17:18,8%,1,24
C,76,2698B,17:18,8%,1,24
C,76,2698B,17:18,8%,1,96
C,76,2698B,17:18,8%,0,120
C,76,2698B,17:18,8%,0,120
C,76,2698B,17:18,8%,0,120
C,76,2698B,17:18,8%,0,120
C,77,pbs,16:23,16%,1,24
C,77,pbs,16:23,16%,1,24
C,77,pbs,16:23,16%,1,24
C,77,pbs,16:23,16%,1,24
C,77,pbs,16:23,16%,0,120
C,77,pbs,16:23,16%,0,120
C,77,pbs,16:23,16%,0,120
C,77,pbs,16:23,16%,0,120
C,77,pbs,16:23,16%,0,120
C,77,pbs,16:23,16%,0,120
C,77,pbs,16:23,16%,0,120
C,77,pbs,16:23,16%,0,120
C,78,2698B,17:53,16%,1,24
C,78,2698B,17:53,16%,1,24
C,78,2698B,17:53,16%,1,72
C,78,2698B,17:53,16%,1,72
C,78,2698B,17:53,16%,1,72
C,78,2698B,17:53,16%,1,96
C,78,2698B,17:53,16%,0,120
C,78,2698B,17:53,16%,0,120
C,78,2698B,17:53,16%,0,120
C,79,2698B,17:55,16%,1,24
C,79,2698B,17:55,16%,1,24
C,79,2698B,17:55,16%,1,24
C,79,2698B,17:55,16%,1,96
C,79,2698B,17:55,16%,0,120
C,79,2698B,17:55,16%,0,120
C,79,2698B,17:55,16%,0,120
C,79,2698B,17:55,16%,0,120
C,79,2698B,17:55,16%,0,120
C,80,2698B,17:48,16%,1,24
C,80,2698B,17:48,16%,1,24
C,80,2698B,17:48,16%,1,24
C,80,2698B,17:48,16%,1,24
C,80,2698B,17:48,16%,1,24
C,80,2698B,17:48,16%,1,48
C,80,2698B,17:48,16%,0,120
C,80,2698B,17:48,16%,0,120
C,80,2698B,17:48,16%,0,120
C,80,2698B,17:48,16%,0,120
C,81,pbs,16:38,24%,1,24
C,81,pbs,16:38,24%,1,72
C,81,pbs,16:38,24%,0,120
C,81,pbs,16:38,24%,0,120
C,81,pbs,16:38,24%,0,120
C,81,pbs,16:38,24%,0,120
C,81,pbs,16:38,24%,0,120
C,81,pbs,16:38,24%,0,120
C,81,pbs,16:38,24%,0,120
C,81,pbs,16:38,24%,0,120
C,81,pbs,16:38,24%,0,120
C,82,2698B,18:13,24%,1,24
C,82,2698B,18:13,24%,1,48
C,82,2698B,18:13,24%,1,96
C,82,2698B,18:13,24%,1,96
C,82,2698B,18:13,24%,1,96
C,82,2698B,18:13,24%,0,120
C,82,2698B,18:13,24%,0,120
C,82,2698B,18:13,24%,0,120
C,83,2698B,18:17,24%,1,48
C,83,2698B,18:17,24%,1,48
C,83,2698B,18:17,24%,1,96
C,83,2698B,18:17,24%,1,96
C,83,2698B,18:17,24%,0,120
C,83,2698B,18:17,24%,0,120
C,83,2698B,18:17,24%,0,120
C,83,2698B,18:17,24%,0,120
C,83,2698B,18:17,24%,0,120
C,83,2698B,18:17,24%,0,120
C,84,2698B,18:15,24%,1,24
C,84,2698B,18:15,24%,1,24
C,84,2698B,18:15,24%,1,48
C,84,2698B,18:15,24%,1,48
C,84,2698B,18:15,24%,0,120
C,84,2698B,18:15,24%,0,120
C,84,2698B,18:15,24%,0,120
C,84,2698B,18:15,24%,0,120
C,84,2698B,18:15,24%,0,120
C,84,2698B,18:15,24%,0,120
D,85,PBS,13:54,0%,0,120
D,85,PBS,13:54,0%,0,120
D,85,PBS,13:54,0%,0,120
D,85,PBS,13:54,0%,0,120
D,85,PBS,13:54,0%,0,120
D,85,PBS,13:54,0%,0,120
D,85,PBS,13:54,0%,0,120
D,85,PBS,13:54,0%,0,120
D,85,PBS,13:54,0%,0,120
D,85,PBS,13:54,0%,0,120
D,86,2698B,15:59,0%,1,48
D,86,2698B,15:59,0%,1,48
D,86,2698B,15:59,0%,1,72
D,86,2698B,15:59,0%,1,72
D,86,2698B,15:59,0%,1,96
D,86,2698B,15:59,0%,0,120
D,86,2698B,15:59,0%,0,120
D,86,2698B,15:59,0%,0,120
D,86,2698B,15:59,0%,0,120
D,86,2698B,15:59,0%,0,120
D,87,2698B,16:04,0%,1,24
D,87,2698B,16:04,0%,1,48
D,87,2698B,16:04,0%,1,48
D,87,2698B,16:04,0%,1,72
D,87,2698B,16:04,0%,1,72
D,87,2698B,16:04,0%,1,72
D,87,2698B,16:04,0%,0,120
D,87,2698B,16:04,0%,0,120
D,87,2698B,16:04,0%,0,120
D,87,2698B,16:04,0%,0,120
D,88,2698B,16:07,0%,1,24
D,88,2698B,16:07,0%,1,48
D,88,2698B,16:07,0%,1,48
D,88,2698B,16:07,0%,1,48
D,88,2698B,16:07,0%,1,48
D,88,2698B,16:07,0%,1,48
D,88,2698B,16:07,0%,1,48
D,88,2698B,16:07,0%,0,120
D,88,2698B,16:07,0%,0,120
D,89,PBS,13:47,2%,1,24
D,89,PBS,13:47,2%,1,24
D,89,PBS,13:47,2%,0,120
D,89,PBS,13:47,2%,0,120
D,89,PBS,13:47,2%,0,120
D,89,PBS,13:47,2%,0,120
D,89,PBS,13:47,2%,0,120
D,89,PBS,13:47,2%,0,120
D,89,PBS,13:47,2%,0,120
D,89,PBS,13:47,2%,0,120
D,90,2698B,15:04,2%,1,24
D,90,2698B,15:04,2%,1,24
D,90,2698B,15:04,2%,1,48
D,90,2698B,15:04,2%,1,48
D,90,2698B,15:04,2%,1,96
D,90,2698B,15:04,2%,0,120
D,90,2698B,15:04,2%,0,120
D,90,2698B,15:04,2%,0,120
D,90,2698B,15:04,2%,0,120
D,90,2698B,15:04,2%,0,120
D,91,2698B,15:01,2%,1,24
D,91,2698B,15:01,2%,1,24
D,91,2698B,15:01,2%,1,24
D,91,2698B,15:01,2%,1,24
D,91,2698B,15:01,2%,1,48
D,91,2698B,15:01,2%,1,48
D,91,2698B,15:01,2%,1,48
D,91,2698B,15:01,2%,1,48
D,91,2698B,15:01,2%,0,120
D,91,2698B,15:01,2%,0,120
D,92,2698B,15:00,2%,1,24
D,92,2698B,15:00,2%,1,24
D,92,2698B,15:00,2%,1,24
D,92,2698B,15:00,2%,1,24
D,92,2698B,15:00,2%,1,24
D,92,2698B,15:00,2%,1,48
D,92,2698B,15:00,2%,1,48
D,92,2698B,15:00,2%,1,48
D,92,2698B,15:00,2%,1,48
D,92,2698B,15:00,2%,1,72
D,92,2698B,15:00,2%,0,120
D,93,PBS,14:06,4%,0,120
D,93,PBS,14:06,4%,0,120
D,93,PBS,14:06,4%,0,120
D,93,PBS,14:06,4%,0,120
D,93,PBS,14:06,4%,0,120
D,93,PBS,14:06,4%,0,120
D,93,PBS,14:06,4%,0,120
D,93,PBS,14:06,4%,0,120
D,93,PBS,14:06,4%,0,120
D,93,PBS,14:06,4%,0,120
D,93,PBS,14:06,4%,0,120
D,94,2698B,15:30,4%,1,24
D,94,2698B,15:30,4%,1,24
D,94,2698B,15:30,4%,1,48
D,94,2698B,15:30,4%,1,48
D,94,2698B,15:30,4%,1,48
D,94,2698B,15:30,4%,1,72
D,94,2698B,15:30,4%,1,72
D,94,2698B,15:30,4%,0,120
D,94,2698B,15:30,4%,0,120
D,94,2698B,15:30,4%,0,120
D,94,2698B,15:30,4%,0,120
D,95,2698B,15:34,4%,1,24
D,95,2698B,15:34,4%,1,24
D,95,2698B,15:34,4%,1,24
D,95,2698B,15:34,4%,1,48
D,95,2698B,15:34,4%,1,48
D,95,2698B,15:34,4%,0,120
D,95,2698B,15:34,4%,0,120
D,95,2698B,15:34,4%,0,120
D,95,2698B,15:34,4%,0,120
D,95,2698B,15:34,4%,0,120
D,96,2698B,15:25,4%,1,24
D,96,2698B,15:25,4%,1,24
D,96,2698B,15:25,4%,1,24
D,96,2698B,15:25,4%,1,24
D,96,2698B,15:25,4%,1,48
D,96,2698B,15:25,4%,1,48
D,96,2698B,15:25,4%,0,120
D,96,2698B,15:25,4%,0,120
D,96,2698B,15:25,4%,0,120
D,96,2698B,15:25,4%,0,120
D,96,2698B,15:25,4%,0,120
D,97,PBS,14:20,8%,1,24
D,97,PBS,14:20,8%,0,120
D,97,PBS,14:20,8%,0,120
D,97,PBS,14:20,8%,0,120
D,97,PBS,14:20,8%,0,120
D,97,PBS,14:20,8%,0,120
D,97,PBS,14:20,8%,0,120
D,97,PBS,14:20,8%,0,120
D,97,PBS,14:20,8%,0,120
D,97,PBS,14:20,8%,0,120
D,98,2698B,13:52,8%,1,24
D,98,2698B,13:52,8%,1,24
D,98,2698B,13:52,8%,1,24
D,98,2698B,13:52,8%,1,24
D,98,2698B,13:52,8%,1,24
D,98,2698B,13:52,8%,1,24
D,98,2698B,13:52,8%,1,24
D,98,2698B,13:52,8%,1,48
D,98,2698B,13:52,8%,1,48
D,98,2698B,13:52,8%,1,48
D,99,2698B,14:45,8%,1,24
D,99,2698B,14:45,8%,1,24
D,99,2698B,14:45,8%,1,24
D,99,2698B,14:45,8%,1,24
D,99,2698B,14:45,8%,1,24
D,99,2698B,14:45,8%,1,24
D,99,2698B,14:45,8%,1,24
D,99,2698B,14:45,8%,1,24
D,99,2698B,14:45,8%,1,48
D,99,2698B,14:45,8%,1,48
D,99,2698B,14:45,8%,0,120
D,100,2698B,14:59,8%,1,24
D,100,2698B,14:59,8%,1,24
D,100,2698B,14:59,8%,1,48
D,100,2698B,14:59,8%,1,48
D,100,2698B,14:59,8%,1,48
D,100,2698B,14:59,8%,1,48
D,100,2698B,14:59,8%,1,72
D,100,2698B,14:59,8%,1,96
D,100,2698B,14:59,8%,1,96
D,100,2698B,14:59,8%,0,120
D,100,2698B,14:59,8%,0,120
D,101,PBS,14:14,16%,1,24
D,101,PBS,14:14,16%,0,120
D,101,PBS,14:14,16%,0,120
D,101,PBS,14:14,16%,0,120
D,101,PBS,14:14,16%,0,120
D,101,PBS,14:14,16%,0,120
D,101,PBS,14:14,16%,0,120
D,101,PBS,14:14,16%,0,120
D,101,PBS,14:14,16%,0,120
D,101,PBS,14:14,16%,0,120
D,102,2698B,15:51,16%,1,24
D,102,2698B,15:51,16%,1,24
D,102,2698B,15:51,16%,1,24
D,102,2698B,15:51,16%,1,24
D,102,2698B,15:51,16%,1,24
D,102,2698B,15:51,16%,1,24
D,102,2698B,15:51,16%,1,48
D,102,2698B,15:51,16%,0,120
D,102,2698B,15:51,16%,0,120
D,103,2698B,15:52,16%,1,24
D,103,2698B,15:52,16%,1,24
D,103,2698B,15:52,16%,1,24
D,103,2698B,15:52,16%,1,24
D,103,2698B,15:52,16%,1,24
D,103,2698B,15:52,16%,1,24
D,103,2698B,15:52,16%,1,24
D,103,2698B,15:52,16%,1,96
D,103,2698B,15:52,16%,1,96
D,103,2698B,15:52,16%,0,120
D,104,2698B,15:46,16%,1,24
D,104,2698B,15:46,16%,1,24
D,104,2698B,15:46,16%,1,24
D,104,2698B,15:46,16%,1,24
D,104,2698B,15:46,16%,1,24
D,104,2698B,15:46,16%,1,24
D,104,2698B,15:46,16%,1,24
D,104,2698B,15:46,16%,1,48
D,104,2698B,15:46,16%,1,48
D,104,2698B,15:46,16%,1,72
D,105,PBS,14:40?,24%,1,24
D,105,PBS,14:40?,24%,1,24
D,105,PBS,14:40?,24%,1,24
D,105,PBS,14:40?,24%,1,24
D,105,PBS,14:40?,24%,1,72
D,105,PBS,14:40?,24%,0,120
D,105,PBS,14:40?,24%,0,120
D,105,PBS,14:40?,24%,0,120
D,105,PBS,14:40?,24%,0,120
D,105,PBS,14:40?,24%,0,120
D,106,2698B,15:21,24%,1,24
D,106,2698B,15:21,24%,1,24
D,106,2698B,15:21,24%,1,24
D,106,2698B,15:21,24%,1,24
D,106,2698B,15:21,24%,1,24
D,106,2698B,15:21,24%,1,24
D,106,2698B,15:21,24%,1,24
D,106,2698B,15:21,24%,1,24
D,106,2698B,15:21,24%,1,24
D,106,2698B,15:21,24%,1,48
D,107,2698B,15:15,24%,1,24
D,107,2698B,15:15,24%,1,24
D,107,2698B,15:15,24%,1,24
D,107,2698B,15:15,24%,1,24
D,107,2698B,15:15,24%,1,24
D,107,2698B,15:15,24%,1,24
D,107,2698B,15:15,24%,1,24
D,107,2698B,15:15,24%,1,24
D,107,2698B,15:15,24%,1,24
D,107,2698B,15:15,24%,1,24
D,107,2698B,15:15,24%,0,120
D,108,2698B,15:18,24%,1,24
D,108,2698B,15:18,24%,1,24
D,108,2698B,15:18,24%,1,24
D,108,2698B,15:18,24%,1,24
D,108,2698B,15:18,24%,1,24
D,108,2698B,15:18,24%,1,24
D,108,2698B,15:18,24%,1,24
D,108,2698B,15:18,24%,1,24
D,108,2698B,15:18,24%,1,48
D,108,2698B,15:18,24%,1,48
D,108,2698B,15:18,24%,1,96
E,109,PBS,11:44,0%,0,120
E,109,PBS,11:44,0%,0,120
E,109,PBS,11:44,0%,0,120
E,109,PBS,11:44,0%,0,120
E,109,PBS,11:44,0%,0,120
E,109,PBS,11:44,0%,0,120
E,109,PBS,11:44,0%,0,120
E,109,PBS,11:44,0%,0,120
E,109,PBS,11:44,0%,0,120
E,109,PBS,11:44,0%,0,120
E,109,PBS,11:44,0%,0,120
E,109,PBS,11:44,0%,0,120
E,110,2698B,13:15,0%,1,48
E,110,2698B,13:15,0%,1,72
E,110,2698B,13:15,0%,0,120
E,110,2698B,13:15,0%,0,120
E,110,2698B,13:15,0%,0,120
E,110,2698B,13:15,0%,0,120
E,110,2698B,13:15,0%,0,120
E,110,2698B,13:15,0%,0,120
E,110,2698B,13:15,0%,0,120
E,110,2698B,13:15,0%,0,120
E,111,2698B,13:17,0%,0,120
E,111,2698B,13:17,0%,0,120
E,111,2698B,13:17,0%,0,120
E,111,2698B,13:17,0%,0,120
E,111,2698B,13:17,0%,0,120
E,111,2698B,13:17,0%,0,120
E,111,2698B,13:17,0%,0,120
E,111,2698B,13:17,0%,0,120
E,111,2698B,13:17,0%,0,120
E,112,2698B,13:19,0%,1,48
E,112,2698B,13:19,0%,0,120
E,112,2698B,13:19,0%,0,120
E,112,2698B,13:19,0%,0,120
E,112,2698B,13:19,0%,0,120
E,112,2698B,13:19,0%,0,120
E,112,2698B,13:19,0%,0,120
E,112,2698B,13:19,0%,0,120
E,112,2698B,13:19,0%,0,120
E,112,2698B,13:19,0%,0,120
E,113,PBS,12:15,2%,1,24
E,113,PBS,12:15,2%,0,120
E,113,PBS,12:15,2%,0,120
E,113,PBS,12:15,2%,0,120
E,113,PBS,12:15,2%,0,120
E,113,PBS,12:15,2%,0,120
E,113,PBS,12:15,2%,0,120
E,113,PBS,12:15,2%,0,120
E,113,PBS,12:15,2%,0,120
E,113,PBS,12:15,2%,0,120
E,113,PBS,12:15,2%,0,120
E,114,2698B,13:40,2%,1,24
E,114,2698B,13:40,2%,1,48
E,114,2698B,13:40,2%,1,96
E,114,2698B,13:40,2%,0,120
E,114,2698B,13:40,2%,0,120
E,114,2698B,13:40,2%,0,120
E,114,2698B,13:40,2%,0,120
E,114,2698B,13:40,2%,0,120
E,114,2698B,13:40,2%,0,120
E,114,2698B,13:40,2%,0,120
E,115,2698B,13:49,2%,1,24
E,115,2698B,13:49,2%,1,24
E,115,2698B,13:49,2%,1,72
E,115,2698B,13:49,2%,0,120
E,115,2698B,13:49,2%,0,120
E,115,2698B,13:49,2%,0,120
E,115,2698B,13:49,2%,0,120
E,115,2698B,13:49,2%,0,120
E,115,2698B,13:49,2%,0,120
E,115,2698B,13:49,2%,0,120
E,116,2698B,13:48,2%,1,48
E,116,2698B,13:48,2%,1,48
E,116,2698B,13:48,2%,1,72
E,116,2698B,13:48,2%,0,120
E,116,2698B,13:48,2%,0,120
E,116,2698B,13:48,2%,0,120
E,116,2698B,13:48,2%,0,120
E,116,2698B,13:48,2%,0,120
E,116,2698B,13:48,2%,0,120
E,116,2698B,13:48,2%,0,120
E,117,PBS,11:59,4%,0,120
E,117,PBS,11:59,4%,0,120
E,117,PBS,11:59,4%,0,120
E,117,PBS,11:59,4%,0,120
E,117,PBS,11:59,4%,0,120
E,117,PBS,11:59,4%,0,120
E,117,PBS,11:59,4%,0,120
E,117,PBS,11:59,4%,0,120
E,117,PBS,11:59,4%,0,120
E,117,PBS,11:59,4%,0,120
E,117,PBS,11:59,4%,0,120
E,117,PBS,11:59,4%,0,120
E,118,2698B,12:51,4%,1,24
E,118,2698B,12:51,4%,1,72
E,118,2698B,12:51,4%,0,120
E,118,2698B,12:51,4%,0,120
E,118,2698B,12:51,4%,0,120
E,118,2698B,12:51,4%,0,120
E,118,2698B,12:51,4%,0,120
E,118,2698B,12:51,4%,0,120
E,118,2698B,12:51,4%,0,120
E,118,2698B,12:51,4%,0,120
E,119,2698B,12:45,4%,1,48
E,119,2698B,12:45,4%,0,120
E,119,2698B,12:45,4%,0,120
E,119,2698B,12:45,4%,0,120
E,119,2698B,12:45,4%,0,120
E,119,2698B,12:45,4%,0,120
E,119,2698B,12:45,4%,0,120
E,119,2698B,12:45,4%,0,120
E,119,2698B,12:45,4%,0,120
E,119,2698B,12:45,4%,0,120
E,120,2698B,12:47,4%,1,24
E,120,2698B,12:47,4%,1,72
E,120,2698B,12:47,4%,0,120
E,120,2698B,12:47,4%,0,120
E,120,2698B,12:47,4%,0,120
E,120,2698B,12:47,4%,0,120
E,120,2698B,12:47,4%,0,120
E,120,2698B,12:47,4%,0,120
E,120,2698B,12:47,4%,0,120
E,120,2698B,12:47,4%,0,120
E,121,PBS,11:50,8%,1,24
E,121,PBS,11:50,8%,0,120
E,121,PBS,11:50,8%,0,120
E,121,PBS,11:50,8%,0,120
E,121,PBS,11:50,8%,0,120
E,121,PBS,11:50,8%,0,120
E,121,PBS,11:50,8%,0,120
E,121,PBS,11:50,8%,0,120
E,121,PBS,11:50,8%,0,120
E,121,PBS,11:50,8%,0,120
E,121,PBS,11:50,8%,0,120
E,121,PBS,11:50,8%,0,120
E,122,2698B,13:39,8%,1,24
E,122,2698B,13:39,8%,1,72
E,122,2698B,13:39,8%,1,96
E,122,2698B,13:39,8%,1,96
E,122,2698B,13:39,8%,0,120
E,122,2698B,13:39,8%,0,120
E,122,2698B,13:39,8%,0,120
E,122,2698B,13:39,8%,0,120
E,122,2698B,13:39,8%,0,120
E,122,2698B,13:39,8%,0,120
E,123,2698B,13:30,8%,1,48
E,123,2698B,13:30,8%,1,72
E,123,2698B,13:30,8%,1,96
E,123,2698B,13:30,8%,0,120
E,123,2698B,13:30,8%,0,120
E,123,2698B,13:30,8%,0,120
E,123,2698B,13:30,8%,0,120
E,123,2698B,13:30,8%,0,120
E,123,2698B,13:30,8%,0,120
E,123,2698B,13:30,8%,0,120
E,124,2698B,13:33,8%,1,48
E,124,2698B,13:33,8%,1,72
E,124,2698B,13:33,8%,0,120
E,124,2698B,13:33,8%,0,120
E,124,2698B,13:33,8%,0,120
E,124,2698B,13:33,8%,0,120
E,124,2698B,13:33,8%,0,120
E,124,2698B,13:33,8%,0,120
E,124,2698B,13:33,8%,0,120
E,124,2698B,13:33,8%,0,120
E,125,PBS,12:09,16%,1,24
E,125,PBS,12:09,16%,0,120
E,125,PBS,12:09,16%,0,120
E,125,PBS,12:09,16%,0,120
E,125,PBS,12:09,16%,0,120
E,125,PBS,12:09,16%,0,120
E,125,PBS,12:09,16%,0,120
E,125,PBS,12:09,16%,0,120
E,125,PBS,12:09,16%,0,120
E,125,PBS,12:09,16%,0,120
E,125,PBS,12:09,16%,0,120
E,125,PBS,12:09,16%,0,120
E,126,2698B,13:58,16%,1,24
E,126,2698B,13:58,16%,1,24
E,126,2698B,13:58,16%,1,48
E,126,2698B,13:58,16%,1,72
E,126,2698B,13:58,16%,0,120
E,126,2698B,13:58,16%,0,120
E,126,2698B,13:58,16%,0,120
E,126,2698B,13:58,16%,0,120
E,126,2698B,13:58,16%,0,120
E,126,2698B,13:58,16%,0,120
E,127,2698B,14:00,16%,1,24
E,127,2698B,14:00,16%,1,48
E,127,2698B,14:00,16%,1,72
E,127,2698B,14:00,16%,1,72
E,127,2698B,14:00,16%,1,96
E,127,2698B,14:00,16%,0,120
E,127,2698B,14:00,16%,0,120
E,127,2698B,14:00,16%,0,120
E,127,2698B,14:00,16%,0,120
E,127,2698B,14:00,16%,0,120
E,128,2698B,14:03,16%,1,24
E,128,2698B,14:03,16%,1,24
E,128,2698B,14:03,16%,1,72
E,128,2698B,14:03,16%,1,72
E,128,2698B,14:03,16%,1,96
E,128,2698B,14:03,16%,0,120
E,128,2698B,14:03,16%,0,120
E,128,2698B,14:03,16%,0,120
E,128,2698B,14:03,16%,0,120
E,128,2698B,14:03,16%,0,120
E,129,PBS,12:22,24%,1,24
E,129,PBS,12:22,24%,1,24
E,129,PBS,12:22,24%,1,24
E,129,PBS,12:22,24%,0,120
E,129,PBS,12:22,24%,0,120
E,129,PBS,12:22,24%,0,120
E,129,PBS,12:22,24%,0,120
E,129,PBS,12:22,24%,0,120
E,129,PBS,12:22,24%,0,120
E,129,PBS,12:22,24%,0,120
E,129,PBS,12:22,24%,0,120
E,129,PBS,12:22,24%,0,120
E,130,2698B,13:05,24%,1,24
E,130,2698B,13:05,24%,1,24
E,130,2698B,13:05,24%,1,24
E,130,2698B,13:05,24%,1,48
E,130,2698B,13:05,24%,1,72
E,130,2698B,13:05,24%,1,72
E,130,2698B,13:05,24%,1,72
E,130,2698B,13:05,24%,0,120
E,130,2698B,13:05,24%,0,120
E,130,2698B,13:05,24%,0,120
E,131,2698B,13:03,24%,1,24
E,131,2698B,13:03,24%,1,72
E,131,2698B,13:03,24%,1,72
E,131,2698B,13:03,24%,1,96
E,131,2698B,13:03,24%,0,120
E,131,2698B,13:03,24%,0,120
E,131,2698B,13:03,24%,0,120
E,131,2698B,13:03,24%,0,120
E,131,2698B,13:03,24%,0,120
E,131,2698B,13:03,24%,0,120
E,132,2698B,13:00,24%,1,24
E,132,2698B,13:00,24%,1,24
E,132,2698B,13:00,24%,1,24
E,132,2698B,13:00,24%,1,24
E,132,2698B,13:00,24%,1,96
E,132,2698B,13:00,24%,0,120
E,132,2698B,13:00,24%,0,120
E,132,2698B,13:00,24%,0,120
E,132,2698B,13:00,24%,0,120
E,132,2698B,13:00,24%,0,120
